Rating,Review
5.0,"Gran celebraci√≥n familiar en el Seventy Barcelona: sal√≥n precioso, inmejorable servicio y una atenci√≥n personalizada en que se cuid√≥ todo detalle. Equipo muy profesional y simp√°tico. Aperitivo en una terraza muy bonita y gran sal√≥n con pantalla de gran formato para audiovisual. Recomendaremos el restaurante y sus salones de eventos que nos hicieron triunfar en un se√±alado d√≠a."
5.0,"Celebramos aniversario de pareja y escogimos el pack cena rom√°ntica que incluye spa, cena y desayuno. Nos encant√≥ toda la experiencia, la entrada con los techos altos es espectacular, as√≠ como la decoraci√≥n. Habitaci√≥n tranquila, muy grande y preciosa, cama super c√≥moda. Atenci√≥n por parte del personal excelente, muy atentos en todo momento. Tanto en el spa como el restaurante y en todo el hotel en general se aplican las medidas covid de higiene y distancia. Desayuno buffet abundante y bueno. Hotel recomendable 100%, disfrutamos de una gran experiencia, gracias al personal por el trato recibido, siempre muy agradable."
1.0,La habitaci√≥n fatal ya que estaba bastante sucia y me he encontrado hasta con un cristal en el suelo. Vaya peligro! El desayuno muy muy pobre. Y la noche del s√°bado que hemos cenado en el restaurante nos han atendido fatal y ni hab√≠an reconocido que √©ramos clientes del hotel.
5.0,Fuimos en pareja para nuestro aniversario. Trato exquisito por parte de todo el personal. Servicio espectacular. Instalaciones perfectas en cuanto a limpieza y mantenimiento. Una experiencia inolvidable. Totalmente recomendable. Alberto Gil.
5.0,"Un hotel realmente sorpr√©ndete por su imagen y dise√±o tan pensada en ofrecer al cliente un ambiente c√°lido y confortable, y sorprende tambi√©n por su gran calidad y servicio del personal. Uno cree que lo ha visto todo pero afortunadamente siempre te sorprenden. Un Hall del hotel que invita a sentarse y disfrutar de cada espacio, un restaurante amable y Mediterraneo con una comida excepcional (prob√© en la cena la ensalada de espinaca, aguacate, champi√±√≥n y bacon y las croquetas y todo buen√≠simo), unas habitaciones bonitas con una tele enorme y una cama enorme (vamos lo que queremos los clientes), rincones muy chulos para trabajar con el ordenador y un lavabo hecho con un gran gusto. Adem√°s tiene spa y gym que con el tema COVID tienes que elegir horarios pero que SI puedes"
5.0,"El staff es excelente, y las instalaciones son muy lindas. Los cuartos amplios y bien decorados. La ubicaci√≥n para caminar es un poco lejos de Plaza Catalu√±a, pero todo es perfecto. No encontr√© nada malo. Se nota q es un hotel nuevo."
5.0,"Fantastic pack rom√°ntico! Atenci√≥n por parte de todo el personal superamables. Jovenes dinamicos y con ganas de ayudar. Infraestructuras modernas y c√≥modas. Habitaci√≥n de lujo. Cena en ""el patio"" encantador. Desayuno donde no olvidan detalle..... y .... No puedo olvidar el relax d l spa con masaje superprofesional... en finm repetiremos! Pack maravilloso a 2 minutos de Gracia donde ir a tomar una copita! Gracias!"
5.0,"Estuvimos en Junio una noche con el pack que ofrec√≠an en su p√°gina web de SPA, desayuno y cena incluido y la verdad que fant√°stico. El hotel es espectacular, en el centro de Barcelona, cerca de Gr√†cia. As√≠ como las habitaciones perfectas, tanto por la comidad de la cama como la climatolog√≠a de √©sta. Desayuno y cena perfectas. Servicio excelente. Para repetir sin duda. Magn√≠fica experiencia."
5.0,"Una vez m√°s, he podido disfrutar de una velada de ocio y romanticismo en este maravilloso hotel. Buena comida en un patio interior de ensue√±o, spa org√°nico y vegano d√≥nde mimarte y una habitaci√≥n con todo lujo de detalles."
5.0,"Hemos pasado un fin de semana perfecto en el hotel. La sesi√≥n de spa, la gastronom√≠a, la habitaci√≥n, excelentes. El desayuno, impecable. Pero sobretodo el personal. Siempre atentos, simp√°ticos y con una sonrisa imperecedera. Gracias Fabiana, gracias El√≠as por vuestra simpat√≠a y vuestro buen hacer. Repetiremos sin duda!!"
5.0,"Ya en el check-in ves la atenci√≥n del personal, inmejorable, igual que en el restaurant ,todos buenisimos, Victor, Benja, Ana.... la habitaci√≥n comoda, limpia y moderna, el Spa ideal para relajarse, la comida y el desayuno perfecto y completo. El entorno es ideal para desconectar y estar con tu pareja la mar de a gustito. Hotel recomendable."
5.0,"Vas a Barcelona y encuentras este hotel en la reserva. Piensas: ""urbano, c√©ntrico, dicen que silencioso... probaremos"", mientras albergas el temor de que sea lo de siempre y acabes sufriendo los inconvenientes que te has encontrado veces anteriores. La primera experiencia agradable est√° en el check-in, donde adem√°s de la amabilidad del recepcionista nos hace una r√°pida gesti√≥n para atender una demanda que tal vez con la habitaci√≥n solicitada pod√≠a no satisfacerse. Ah√≠ empiezan a ganarte porque considero que eso es lo que se llama servicio, buscar tu satisfacci√≥n hasta d√≥nde lleguen sus posibilidades. La estancia fue exquisita, genial en todo. El trato con la gente, la INSONORIZACI√ìN, las almohadas (lo siento pero el descanso es el top en mi rango de valoraci√≥n); el ambiente..."
5.0,"Breves vacaciones con mi hija de 18 a√±os. El Hotel Seventy es realmente hermoso. Nuevo, luminoso, con una decoraci√≥n moderna y elegante, ubicaci√≥n inmejorable, a dos pasos de Avenida Diagnal y Passeig de Gracia. Limpieza optima, habitaciones espaciosas, dotadas de todos los servicios y comodidades. El patio externo con olivos y palmeras es precioso y desayunar all√≠ es realmente una experiencia encantadora. El personal es muy profesional y disponible. La pileta es muy linda y limpia. La zona pileta es preciosa y muy comoda. El Spa esta muy bien hecha, limp√≠sima y relajante. Es un hotel realmente para aconsejar. Seguramente volveremos"
5.0,"Este fin de semana hemos estado alojados en el hotel. La situaci√≥n es extraordinaria, est√° en el coraz√≥n de Barcelona. La habitaci√≥n ha sido excelente, y la atenci√≥n del personal tambi√©n. Sobre todo de Benja, sin duda repetiremos."
5.0,"Desde nuestra llegada nos ofrecieron un upgrade, la experiencia fue fabulosa, early check in, up grade, instalaciones de Lujo, servicio de primera. Amplias habitaciones, piscina, spa. Una experiencia inolvidable. Regresaremos muy pronto!"
5.0,"Un gran descubrimiento en Barcelona. Desde que cruzas la puerta te encuentras con una decoraci√≥n espectacular, todo cuidado hasta el ultimo detalle. El personal no puede ser mas atento y amable, nos sentimos bienvenidos desde el primer minuto. La comida del restaurante y el Spa a otro nivel. En resumen nuestra nueva casa lejos de casa. Gracias a Victor, Marti y Benja por ayudarnos a pasar estancia inolvidable"
5.0,"Dise√±o espectacular, equipo top, restauraci√≥n, ubicaci√≥n‚Ä¶todo. Estancia muy agradable, la comodidad y limpieza de la habitaci√≥n, la amabilidad de todo el personal, la piscina, el spa!!! Nuestro nuevo hotel favorito en Barcelona."
5.0,"El Hotel Seventy destaca por su dise√±o, elegancia, ubicaci√≥n y comodidad, pero sobre todo por la amabilidad y competencia de su personal. Re√∫ne todos los elementos para hacer la estancia del cliente inmejorable. La Habitaci√≥n tranquila y silenciosa ideal para viaje profesional como fue mi caso. El restaurante es de una gran calidad y el patio con sus olivos es ideal. La piscina del √°tico es perfecta. Se agradece ver al Director implicado en el quehacer diario, imprescindible para ofrecer un gran servicio hotelero. Sin duda el hotel m√°s recomendable de los de alta gama de la zona del Eixample."
5.0,"Hemos pasado una noche alojados en este hotel para disfrutar de dos d√≠as en Barcelona. Una ubicaci√≥n excelente a escasos metros de la estaci√≥n de metro Diagonal en un hotel con un dise√±o y unas prestaciones que invitan a no salir del hotel para disfrutar de todas sus instalaciones. A destacar el trato exquisito del personal del Seventy que en todo momento se han mostrado amables y serviciales. La habitaci√≥n era preciosa con todo tipo de comodidades. El desayuno del hotel, espectacular. Importante para los hu√©spedes que viajan con veh√≠culo propio, el aparcamiento en el mismo hotel. Sin duda alguna, el Seventy ser√° nuestro hotel en la pr√≥xima escapada a Barcelona."
5.0,"Incre√≠ble el servicio y el equipo del Hotel nos hicieron sentir como en casa , y los consejos del equipo y del Director del Hotel para visitar la ciudad . El restaurante genial y la piscina ideal para tomar un ba√±o y broncearse en el centro de la cuidad Volveremos!!!"
5.0,"Soy de Barcelona y es la segunda vez que me alojo en el hotel ya que es una escapada perfecta para desconectar y dejarse mimar: cama espectacular, habitaci√≥n muy c√≥moda y sin ruidos y con servicio de spa para acabar de tener una velada redonda."
5.0,"Ubicaci√≥n ..... Perfecta. Instalaciones .... Perfectas. Personal .... Atento, educado, resolutivo. Cena / Desayuno ... Buena calidad, servicio r√°pido Sauna / Spa .... Perfecto La habitaci√≥n ... Amplia, buena climatizaci√≥n, y la cama espectacular"
5.0,"El trato del personal excelente, decoraci√≥n sorprendente con habitaciones muy c√≥modas y sin ruidos, ubicaci√≥n inmejorable en el coraz√≥n de Barcelona y adaptado totalmente a la nueva normalidad. Men√∫ de cena con mucho gusto y buen relaci√≥n calidad-precio. Sin duda mi hotel favorito en Barcelona."
5.0,"Fue un grand√≠simo ‚Äúdescubrimiento‚Äù, un nivel superior en cuanto a Alojamientos y trato de todo el SEVENTY‚ÄôS TEAM. Tuvimos la oportunidad de tratar con casi todos y les felicito por lo f√°cil y entra√±able que hicieron nuestra estancia. Desde los Directores del Hotel, pasando por S√∫per-Lorena y llegando al restaurante con la siempre atenta Roberta. No puedo dejar m√°s menciones por no recordar sus nombres...pero est√°is todos incluido en mi mejor calificaci√≥n. Por su puesto, medalla de oro igualmente al magn√≠fico centro de Spa que tan atentamente dirige Jose....Muchas gracias y hasta pronto."
5.0,"Una experiencia mas que recomendable. La ubicaci√≥n es perfecta. El hotel esta decorado con muy buen gusto. Su personal es muy atento y esta pendiente de que tu estancia sea agradable consiguiendo un trato de hotel boutique. Dispone de gimnasio i spa muy agradable con piscina climatizada espectacular. El restaurante perfecto tanto en el desayuno como la cena. Las habitaciones nos han encantado muy bonitas, confortables. Lo recomendamos tanto para viajeros como para pasar un dia en tu propia ciudad como si fueses un turista"
5.0,"Un gran descubrimiento. El hotel es espectacular. Desde la entrada en el establecimiento ya tienes el feeling de que la estancia va a ser inolvidable. La decoraci√≥n es acogedora, y sofisticada El ambiente limpio y con una ambientaci√≥n c√°lida. La cama enorme y comodisima. La piscina del atico esta climatizada y no costo nada meterse para hacer un poco de deporte. La cena correcta y el servicio muy amable. El spa te llevar√° a un pedacito de cielo y las terapeutas muy amables, serviciales y profesionales. Volveremos seguro. Si teneis oportunidad no lo dude√≠s. Muchos de los hoteles de 5 estrellas de Barcelona no estan a esta altura de confort, servicio e instalaciones."
5.0,"Es el mejor hotel que hemos estado en Barcelona, instalaciones impecables, cuidan hasta el mas m√≠nimo detalle con gusto y profesionalidad, hacemos hincapi√© en su cocina tanto en desayuno como en cena, calidad 100% en nivel superior, tambi√©n cabeza resaltar a Roberta su amabilidad, simpat√≠a y disponibilidad es de destacar, en general todo el equipo es espectacular, una experiencia exquisita en todos los sentidos. Gracias Seventy Barcelona."
5.0,"Experiencia incre√≠ble! Hemos pasado la noche del s√°bado en el hotel con un pack de habitaci√≥n, cena, desayuno y spa. Adem√°s a√±adimos un tratamiento de masaje corporal y facial. El hotel tiene una decoraci√≥n incre√≠ble, desde los libros los cuadros, las plantas, l√°mparas, hasta la vajilla del restaurante. Tonos alegres y elegantes. La habitaci√≥n con todo tipo de detalle. En nuestro caso cogimos habitaci√≥n con terraza. Fui una gozada llegar a la habitaci√≥n y hacer la comida en la terraza, disfrutando del sol y con un poco de m√∫sica af√≠n el Bluetooth que tiene la habitaci√≥n. La cama extra grande, con unas s√°banas s√∫per agradables. S√∫per c√≥moda!!! El servicio maravilloso!! s√∫per atento desde el personal de recepci√≥n, restauraci√≥n, spa e incluso su director. Grandes"
5.0,"El personal es muy atento y simp√°tico La decoraci√≥n es de 10, las habitaciones muy bonitas, con toque de elegancia y muy limpias. El Spa es fant√°stico, y muy profesional. El espacio para el desayuno, el que est√° m√°s cerca de la cocina est√° hecho para sentirte como en una casa r√∫stica."
5.0,"He estado por el hotel en dos eventos trabajando, y me enamor√© de cada uno de sus rinc√≥nes,la decoraci√≥n es fant√°stica, todo tan cuidado, hecho con muy buen gusto y el trato de la gente es espectacular. Me sent√≠ muy agusto , espero volver pronto!!!"
5.0,"Visit√© el hotel con mi pareja como sorpresa para su cumplea√±os y ha sido la mejor decisi√≥n. Me ayudaron para sorprenderlo. Tuvimos cena incluida y el men√∫ estuvo muy bien, la comida deliciosa y muy buena atenci√≥n. Disfrutamos de la piscina en el rooftop y de la piscina en el spa que tambi√©n est√° muy c√≥modo. Volveremos a alg√∫n tratamiento seguro y repetiremos la experiencia en el hotel que tiene lindos espacio y decoraci√≥n. Habitaci√≥n muy linda y c√≥moda y excelente servicio."
5.0,"Un hotel preciosa, estancia excelente. Repetiremos sin duda alguna. La habitaci√≥n era preciosa, todo s√∫per limpio y nuevo. Estaba muy bien decorado, con mucho gusto. Adem√°s, el personal fue muy agradable y atento. El tiempo de spa por pareja era de 30 minutos, y nosotros pedimos si hab√≠a la opci√≥n de alargar un poquito m√°s el tiempo, y nos dejaron una hora. Lo mismo que el check - out, que en principio era a las 11, pero nos dejaron quedarnos hasta las 13h sin coste alguno. El desayuno estaba delicioso. Ha sido una estancia perfecta. Consejo: el precio que ofrece el hotel de parking es de unos 25 euros sino recuerdo mal. Nosotros nos bajamos la aplicaci√≥n Parclick y pudimos aparcar en el mismo parking que ofrec√≠a el hotel (NN C√≥rcega) por 9,99 euros para 24 horas."
5.0,"Instalaciones impecables, cuidadas al detalle. Habitaci√≥n acogedora, c√≥moda, funcional, tecnol√≤gicamente puntera, para quedarse a vivir... Un remanso de paz. Ubicaci√≥n inmejorable. El personal es extremadamente atento y profesional."
5.0,"Muy buen trato del personal atenci√≥n, limpieza medidas covid , calidad y tranquilidad muy lindo y la habitaci√≥n confortable ,el Spa piscina muy relajante y las chicas muy atentas. El desayuno variado y las terrazas hermosas Todo perfecto volver√© en el verano."
3.0,"Hotel Seventy est√° situado en calle C√≥rcega, a pocos minutos de diagonal y Paseo de Gracia, incre√≠ble por fuera, y espectacular por dentro. Nuestra habitaci√≥n muy c√≥moda y elegante. Zona de desayuno bien, y amplia terraza con olivos por toda ella... un hotel que tiene muchas posibilidades de ser un referente, muchas cosas a mejorar por eso, con un potencial muy alto"
5.0,"Estuvimos s√≥lo una noche y el hotel nos pareci√≥ incre√≠ble, la decoraci√≥n es preciosa y tienen cuidado cada detalle. Tanto las instalaciones del hotel como la habitaci√≥n est√°n decoradas con un gusto incre√≠ble. El personal es muy amable y atento, a parte tienen una zona de spa, gimnasio y masajes muy bonita donde nos dimos un masaje y fue el mejor que nos han dado nunca. Tambi√©n est√° genial para hacer eventos o reuniones de negocios ya que tiene varias zonas y algunas de ellas m√°s privadas. Volveremos sin duda."
5.0,Incre√≠ble todo. Desde el check-in hasta el check-out. Todo fue perfecto. Realmente el servicio es especial y el hotel es impresionante. El dise√±o y los detalles del hotel son espectaculares. El hotel est√° con una perfecta ubicaci√≥n en el centro cuidad aunque nada de ruido. Fui por el negocio y me quedaba m√°s d√≠as para disfrutarlo. Totalmente recomendable. Efectivamente el hotel favorito para todas ocasiones.
5.0,"Estuvimos muy bien. El mejor dise√±o y arquitectura, todo limpio, muy buen trato y educaci√≥n del personal. Atenciones de todo tipo. Al ser un cumplea√±os tuvieron buenos detalles etc. recomendar√≠a este hotel para ir a pasar un buen fin de semana con amigos o en pareja."
5.0,"Hotel moderno con bonita decoraci√≥n. Habitaci√≥n con estilo, amplia y c√≥moda. Tienen un pack que incluye cena, dormir, y desayuno. Fant√°stico. Adem√°s, el trato con el cliente, excepcional. Repetiremos. Sin duda."
5.0,"En los tiempos que corren de pandemia, busc√°bamos un sitio donde poder desconectar y relajarnos. Encontramos la oferta de ""Rom√°ntic dinner"" y fue la mejor elecci√≥n que escogimos. La habitaci√≥n es espectacular y de las m√°s modernas que he visto jam√°s. A pesar de haber estado frente a la c/Corsega, no es escuchaba ni un solo ruido ni de noche ni durante el d√≠a. La cena fue de sobresaliente, tanto en el tama√±o de la raci√≥n como en la oferta. Personal s√∫per educado y atento. Desayuno tipo buffet, adaptado totalmente en los tiempos que vivimos, con el cheff tambien educado y atento (tambi√©n tengo que remarcar). Y la guinda del pastel fue el Spa, de los m√°s relajante y tranquilos que hemos estado. Venimos con el objetivo de desconectar y relajarnos en una escapada rom√°ntica, y salimos"
5.0,"Hotel con mucho gusto, un trato excepcional por parte de todos, tanto en recepci√≥n, restaurante como en el spa. Nos dieron una habitaci√≥n superior al haber disponibilidad. Todo un detalle. Desayuno completo y calidad precio inmejorable. La ubicaci√≥n perfecta. Gracias a V√≠ctor por su atenci√≥n de inicio a fin. Un 10 en toda regla. He estado en mucho hoteles pero asegur√≥ que queda entre mis favoritos"
5.0,"Este fin de semana pasado acompa√±√© a mi pareja a Barcelona que viajaba por trabajo y nos alojamos en el Seventy. Nos ha encantado, decoracion muy bonita, personal muy amable y servicio impecable. No dejeis de ir!!"
5.0,"Hotel muy c√©ntrico y bien situado , con habitaciones muy c√≥modas y amplias adecuadas a cualquier tipo de familia , con todos los complementos secador, planchas del pelo ,tabla de planchar y plancha . Y el restaurante con una comida muy buena y exquisita , el rodaballo excelente. Lastima que no hemos podido utilizar el Spa por falta de tiempo, pero tambi√©n ideal para pasar un rato de relax"
5.0,"Habitaciones Limpias amplias y muy Bonitas. El personal muy atento y agradable, muy profesionales, felicito al de recursos humanos pq todos s√≥n muy educados y atentos. Trato de 10. Protocolo covid perfecto, desinfectan todo muy bien. Desayuno muy bueno y de calidad, muy cuidado tambi√©n. Volver√© y sin duda lo recomiendo"
5.0,"Gran experiencia en el hotel con una entrada espectacular, situado en el coraz√≥n del centro de Barcelona. Ofrecen parking por 19‚Ç¨ la noche. Nuevo y con habitaciones grandes. Almuerzo muy correcto y completo. Repetiremos seguro en el futuro. La √∫nica pega el televisor, que a veces no funcionaba."
5.0,"El personal es s√∫per atento y encantador; la habitaci√≥n grande y preciosa, es la mejor cama en la que he tenido el placer de dormir. El spa aunque peque√±o, es muy √≠ntimo y acogedor, una pena que por el COVID la sauna no estuviera disponible. El desayuno estaba riqu√≠simo. Sin duda volver√≠a a venir a este hotel, vale la pena."
5.0,"Hotel nuevo, personal muy amable y habitacion patio room muy confortable. Buena situacion. Buena relaci√≥n calidad/precio. La piscina del spa muy agradable. Para poner un pero decir que el gym es un poco peque√±o. Repetiremos"
5.0,"Despu√©s de pasar dos noche en el hotel, tengo que decir que no podemos encontrar nada que no nos haya gustado. La habitaci√≥n es preciosa, cuidan cada detalle y no te falta de nada. El personal de hotel es encantador, en nuestro caso tuvimos la suerte de tratar con V√≠ctor, fue amable y cercano con nosotros en todo momento y nos hizo sentir como en casa. ¬°NOS VEMOS PRONTO!"
5.0,"Me he quedado por mi cumplea√±os con mi pareja, quien me organizo una experiencia inolvidable con la ayuda de una chica del hotel llamada Paola, le aconsejo reservar el spa con cava y ten√≠a una cesta de dulces en la habitaci√≥n. La habitaci√≥n es a todo lujo con terraza y lavabo inteligente, la cama extremadamente comoda, al punto que dudaba si salir a disfrutar de los otros espacios del hotel o quedarnos c√≥modamente entre las s√°banas con aire acondicionado. Fuimos al spa, donde atendieron muy bien, la piscina tiene chorros masajeadores y pudimos reservar para estar solos. Repetir√≠a la experiencia cada mes. Gracias a todos! Excelente servicio, instalaciones, ubicaci√≥n y buenos restaurantes a sus alrededores."
5.0,"Pasamos una noche en el hotel y nos encant√≥. Dise√±ado con mucho gusto, habitaci√≥n excelente: espaciosa, tranquila, con vistas al patio interior muy bonito, cama muy c√≥moda y limpieza impoluta. Multimedia y control de climatizaci√≥n de la habitaci√≥n tambi√©n genial. El personal de recepci√≥n encantador y muy eficiente. Y las medidas de precauci√≥n COVID muy bien desplegadas en todo el hotel. Repetiremos"
5.0,"Mi esposa y yo nos hospedamos en este hotel del 01/05 al 01/08/2022, todo nos pareci√≥ excelente, las instalaciones, la limpieza, el servicio, la comida, el ambiente.. Esta muy bien ubicado con acceso a dos(02) estaciones del Metro, tiendas, restaurantes, bares....pienso visitarlo cada vez que viaje a Barcelona."
5.0,"Estancia perfecta. La ubicaci√≥n del hotel (muy c√©ntrico), sus instalaciones (nuevas) y el personal (atento) un 10. La habitaci√≥n estaba super limpia y era muy espaciosa. Repetir√© en cuanto pueda! Muy recomendable."
1.0,"Lamentablemente nuestra experiencia en el hotel ha sido muy negativa y tengo que poner 1 estrella por los siguientes motivos: - el desayuno no ten√≠a la calidad esperada, poca variedad de productos, la boller√≠a no parec√≠a fresca y el caf√© era muy barato. - nos tomamos algo en el bar y nos ofrecieron unos frutos secos en muy mal estado, con un l√≠quido verdoso. Prefiero no dar m√°s detalles‚Ä¶ - nos dejamos un objeto de valor en la habitaci√≥n y no hicieron ningun esfuenzo por encontrarlo ni por disculparse. Es la primera vez que me sucede algo as√≠, por mi trabajo voy a muchos hoteles y de vez en cuando me olvido algun objeto y siempre he tenido la posibilidad de recuperarlo sin temor a que se lo queden. Como m√≠nimo deber√≠an ofrecer una explicaci√≥n de lo que sucedi√≥ y por supuesto"
5.0,"Excepcional en todas las facetas, atenci√≥n al cliente excelente, el director gran profesional, limpieza perfecta, servicios excelentes, muy buena ubicaci√≥n, resumen: tiene todo para lo esencial para una estancia perfecta. Lo recomendare sin duda alguna."
5.0,"The Corner Hotel Fantastico! El director Gerard Borras gran profesional y muy atento Limpieza genial Desayuno copioso y de calidad Ubicacion inmejorable Ambiente muy agradable y habitaciones insonorizadas muy de agradecer en un hotel del centro de Barcelona Decoracion original y muy cuidada Personal muy agradable Repetiremos seguro, un finde genial"
5.0,"Fin de semana con amigas y la valoraci√≥n ha sido mas que fant√°stica. Todo el personal muy amable y muy atentos empezando des de la recepci√≥n , cafeteria, servicio de desayuno del restaurante, equipo de limpieza y quiero hacer menci√≥n especial al director del hotel Gerard Borr√°s que nos hizo sentir como en casa atendiendonos personalmente . Habitaciones muy amplias, acogedoras y muy limpias. Bien insonorizadas.Valoramos mucho el silencio. Ambiente muy tranquilo y relajante La ubicaci√≥n es genial para ir andando a todos los sitios. El desayuno espectacular con una atenci√≥n muy amable y cercana de todo el equipo en todo momento. Volver√© seguro. Ya estoy mirando fechas."
5.0,"El personal fue s√∫per atento (Alejandro y Noe) y las instalaciones son impecables, con un toque chic ideal. La sala de reuniones que utilizamos est√° muy bien equipada y el catering que nos sirvieron era delicioso."
5.0,"Hemos estado de maravilla, sin duda volveremos a repetir SEGURISIMO El trato recibido por NOE y ALEJANDRO excelente, muy profesionales y amables. La limpieza y la ubicaci√≥n del hotel de diez. Adem√°s tuvimos que hacer una reuni√≥n de negocios: la sala, los equipos (pantalla, sonido, etc), y el servicio tambi√©n estupendo, adem√°s de precioso. Lo organizamos todo con CAROLINA y entendi√≥ rapidamente lo que necesitabamos sin perder ningun detalle. Mucha calidad en el the Corner. Gracias a todo el personal por ofrecernos un servicio"
5.0,"Estuvimos un fin de semana y la verdad que fue fant√°stico desde el primer momento una atenci√≥n muy natural y agradable te hacen sentir como en casa un gran equipo,las instalaciones s√∫per bien cuidadas la habitaci√≥n amplia y muy limpia una insonorizaci√≥n 10 no se escucha nada ni de la calle ni de las habitaciones conjuntas El desayuno de los mejores que he visto hasta ahora Precio calidad diez sobre diez Quiero felicitar a todo el equipo por su profesionalidad Gracias y volveremos seguro"
5.0,"Espectacular hotel fant√°sticamente situado. Apenas 20 minutos del aeropuerto en taxi y 10 minutos andando de la estaci√≥n de Sants. Acogedor, moderno pero con un esp√≠ritu familiar. Me encant√≥ su decoraci√≥n. La habitaci√≥n y las camas s√∫per confortables y equipad√≠simas con todo detalle. El desayuno me ha parecido espectacular, muy surtido y con un gusto hogare√±o. Por trabajo o visita familiar es 100% recomendable."
5.0,"Fui a celebrar mi cumplea√±os y repetir√≠a una y mil veces! Espectacular Hotel y espectacular atenci√≥n de los trabajadores, en especial tengo que agradecer a Alejandro y a Francesc por su amabilidad en todo momento a la hora de resolver todas mis dudas. Lo recomendar√≠a sin duda a todo el que me preguntas, GRACIAS DE VERDAD"
5.0,"Hotel de 4 estrellas bien situado para hacer turismo por la cuidad. Nosotros hemos ido a casi todos sitios andando. El hotel est√° muy bien cuidado y decorado. La habitaci√≥n que nos toc√≥, muy bien. Ten√≠amos una est√°ndar, pero nos hicieron un upgrade a una superior. Muy amplia y luminosa. La cama enorme y muy c√≥moda. Como curiosidad, las habitaciones tienen un sistema de hilo musical en el que puedes oir la playlist del hotel o conectarte por bluetooth y poner la m√∫sica que t√∫ quieras desde el m√≥vil o tablet. Arriba tiene una terraza con piscina que se puede visitar y tomar algo con unas vistas estupendas. La atenci√≥n muy buena tambi√©n."
5.0,"Encantados con el trato, el ambiente y el confort de este Hotel. Alojarnos y tomar algo en The Corner ha sido un gran acierto ya que hemos podido disfrutar de la ciudad (todo queda cerca), descansar (habitaciones muy c√≥modas, modernas y con el espacio adecuado) y descubrir sus salas con encantando y rincones de relax que no suelen encontrarse en hoteles de ciudad. Adem√°s los servicios complentarios de gastronom√≠a y bar tambi√©n han sido una grata sorpresa ya que sin salir del hotel lo tienes todo a disposici√≥n. Muy recomendable para parejas, familias o encuentros sociales."
5.0,"muy bien situado, agradable decorado estilo industrial con una iluminaci√≥n elegante. Las habitaciones muy acogedoras y suficientemente amplias . Ba√±o de tres piezas amplio, una gran ducha. La cama y almohadas muy c√≥modas. El personal simp√°ticos y profesional. Una grata experiencia y si volvemos a Barna, repetimos seguro."
5.0,"Excelente opci√≥n de hotel. Desde las instalaciones, limpieza, decoraci√≥n, ubicaci√≥n, atenci√≥n, precio. Todo de principio a fin fue buen√≠simo hosped√°ndonos ah√≠. Recomendable 100% para ir en plan parejas, amigos o incluso familia. Esta cerca de todo"
5.0,S√∫per recomendable. Nos recomendaron el hotel unos amigos y no se equivocaron! El personal muy atento y amable. Los cuartos son muy nuevos y acogedores. Los colchones y las almohadas son un imprescindible del hotel. Recomiendo al 100%!!!
5.0,"Hotel decorado con muchas y clase y cuidado al detalle. Habitaciones ampl√≠as, con buen servicio y ubicaci√≥n perfecta, en el centro de Barcelona. Por poner un pero, la lentitud del recepcionista de noche para hacer el checkin, ya que llegamos cansados a la 1 de la ma√±ana y esperamos m√°s de 10 minutos para que nos entregara la llave."
5.0,"Hemos estado este fin de semana durmiendo en este hotel, y no tenemos mas que buenas palabras. Es la segunda vez que vamos, y seguro que repetiremos de nuevo. El personal es un 10, todos sin excepcion (recepcion, bar, rooftop, limpieza, desayunos...) Las habitaciones muy bonitas y suuuper limpias! La piscina genial! Sin lugar a dudas es probable que sea el mejor de sus iguales!!!!!"
5.0,"El hotel es precioso, tiene una piscina peque√±ita arriba con una barra roja muy acogedora,. El personal s√∫per atento, sobretodo Carol q nos recomend√≥ sitios para visitar q fueron un acierto! Sin duda muy recomendable!!"
5.0,"Me gust√≥ todo de ese hotel...el design, el personal, el desayuno y la sala del desayuno, la piscina...todo! Sin duda lo aconsejar√≠a a cualquier amigo! Y los precios me han parecido muy correctos por la zona donde est√° y el tipo de que hotel que es..Le doy un 10!"
5.0,"Estuve hospedada un mes en The Corner . Es la mejor experiencia que tengo desde que empec√© a viajar , casi 40 a√±os. Las habitaciones, el desayuno , la terraza excepcional.Pero lo mejor del hotel es el personal . Desde su manager Gerard , siempre atento y dispuesto , a todo el team . Ana, Noelia : Txema , Carol , etc. Profesionales , amables , eficientes..lo digo porque he tenido varios problemas que me solucionaron ellos.Si van a Barcelina , no dejen de hospedarse en The Corner ! gracias a todo el equipo"
5.0,"Estuve con mi pareja en nuestro aniversario y fue una noche fant√°stica. El hotel es muy nuevo y el personal es s√∫per atento. La habitaci√≥n era muy espaciosa y la cama perfecta. Todo fue genial, sin duda repetiremos a la que podamos."
5.0,"Nos alojamos un fin de semana en el hotel. Fue una experiencia excelente. Tanto el personal, como todas las instalaciones son fant√°sticas. Estuvimos muy bien atendidos durante toda la estancia. La habitaci√≥n estuvo de lujo! Sin duda para repetir!"
5.0,"Todo perfecto. Nada falla. En especial el personal de recepci√≥n. Agradables, gentiles, simp√°ticos. La habitaci√≥n perfecta, en limpieza, dise√±o. El hotel bien situado para ir andando a todos los sitios.... Se ha convertido en mi hotel de referencia para visitar Barcelona...."
5.0,"He estado por trabajo unos dias en el Corner Hotel. Es todo super moderno, muy limpio, el desayuno es de los mejores que he tenido nunca en un hotel. Los trabajadores del hotel son encantadores, especiales saludos a Clara que es un amor."
5.0,"Ha sido un placer alojar en el hotel , sobre todo por el buen trato de Raul, Noelia, Ana y Jara... y todo el equipo de sala! La instalaci√≥n muy bien cuidada y organizada! Aconsejamos absolutamente de reservar si ten√©is que pasar unos d√≠as en Barcelona sobretodo por la ubicaci√≥n muy adivinada!!! Grazie milleüôèüèº"
3.0,"Buen hotel, buena estancia, pero con servicios cerrados. Cerrados sin previo aviso y publicit√°ndose en la web. Habitaciones correctas, ba√±o limpio con alg√∫n detalle de √≥xido en el mobiliario. Deficiente insonorizaci√≥n a la calle."
5.0,"Ha sido una experiencia inolvidable, todos muy amable, desde la recepci√≥n como los camareros, c√≥mo por ejemplo Federico, un chico muy atento y con don de servicio, que hacen que el hotel sea muy valorado!! Sigan con ese personal! Gracias üòÄ"
5.0,"Sinalojarme en el hotel, pero si usando sus instalaciones para una reuni√≥n laboral, me quedo con la sensaci√≥n de haber estado en un hotel perfectamente equipado, con una atm√≥sfera fant√°stica que te envuelve en su grata decoraci√≥n. Si ideal ubicaci√≥n se une a su terraza superior, que es uno de esos rincones ocultos donde disfrutar. Y el personal de recepci√≥n es de un excepcional trato personal que te hace sentir como en casa. Muy recomendable"
